object_class,surface_class,object_conf,object_area_ratio,surface_area_ratio,area_ratio,overlap_ratio,dx_normalized,dy_normalized,euclidean_dist_normalized,obj_center_x_in_surface,obj_center_y_in_surface,vertical_position_ratio,target_surface
book,table,0.4171,0.048599,0.530389,0.091629,1.0,0.0352,-0.2187,0.1114,1.0,1.0,0.3489,table
book,table,0.3547,0.05433,0.583623,0.093091,1.0,0.0167,-0.2247,0.1109,1.0,1.0,0.325,table
cake,table,0.494,0.049578,0.574819,0.086249,1.0,0.0184,-0.2376,0.1174,1.0,1.0,0.3231,table
cake,table,0.6492,0.050922,0.577615,0.088159,1.0,0.0206,-0.2316,0.1148,1.0,1.0,0.3241,table
bowl,sofa,0.2199,0.009479,0.077528,0.122263,0.5417,0.1775,0.0527,0.1569,1.0,1.0,0.1093,sofa
bowl,table,0.2199,0.009479,0.356275,0.026605,0.0,0.1641,-0.5596,0.3091,1.0,0.0,0.1093,__none__
dog,chair,0.5181,0.762887,0.767906,0.993464,0.9965,-0.0045,0.001,0.0039,1.0,1.0,0.495,chair
person,chair,0.4325,0.263135,0.473516,0.555706,0.6875,-0.1842,-0.0318,0.1613,1.0,1.0,0.4612,chair
person,chair,0.8999,0.31382,0.38814,0.808523,0.4222,-0.2266,-0.0129,0.1977,0.0,1.0,0.494,chair
person,chair,0.86,0.371987,0.419437,0.886873,0.3914,-0.2573,-0.006,0.2243,0.0,1.0,0.492,chair
person,chair,0.8486,0.41217,0.413989,0.995605,0.3783,-0.264,-0.0149,0.2303,0.0,1.0,0.4851,chair
person,chair,0.8839,0.410459,0.388721,1.055922,0.3551,-0.2623,0.001,0.2287,0.0,1.0,0.506,chair
person,chair,0.8864,0.40621,0.419437,0.968466,0.3734,-0.269,-0.005,0.2346,0.0,1.0,0.497,chair
person,chair,0.899,0.40747,0.425521,0.957581,0.3832,-0.2667,0.001,0.2326,0.0,1.0,0.503,chair
person,chair,0.5547,0.334342,0.419692,0.796638,0.4462,-0.2377,0.0557,0.2091,0.0,1.0,0.5577,chair
person,chair,0.8007,0.374441,0.415165,0.901908,0.4349,-0.2377,0.0,0.2073,0.0,1.0,0.4891,chair
person,chair,0.5415,0.249152,0.347939,0.71608,0.3158,-0.2785,0.002,0.2428,0.0,1.0,0.5964,chair
handbag,chair,0.4163,0.273604,0.60176,0.454673,1.0,0.0731,0.1978,0.1159,1.0,1.0,0.6948,chair
backpack,chair,0.2378,0.277158,0.60176,0.46058,0.9932,0.0675,0.2008,0.1146,1.0,1.0,0.6978,chair
backpack,chair,0.2752,0.233754,0.586676,0.398437,0.9959,0.0636,0.2346,0.1275,1.0,1.0,0.7525,chair
handbag,chair,0.2011,0.311803,0.684771,0.45534,1.0,0.1105,0.1551,0.1227,1.0,1.0,0.6531,chair
person,chair,0.6215,0.210203,0.55579,0.378206,0.371,-0.317,-0.1044,0.2811,0.0,1.0,0.3936,chair
toilet,chair,0.205,0.109763,0.108345,1.013086,0.9871,0.0,0.001,0.0005,1.0,1.0,0.8042,chair
keyboard,table,0.9151,0.077233,0.847992,0.091078,1.0,-0.0837,-0.2237,0.1316,1.0,1.0,0.2803,table
mouse,table,0.8997,0.015408,0.847992,0.018169,1.0,0.3058,-0.1581,0.2777,1.0,1.0,0.3459,table
cup,table,0.8574,0.015687,0.847992,0.018499,0.9901,-0.1629,-0.3837,0.2355,1.0,1.0,0.1203,table
dog,bed,0.513,0.538776,0.970274,0.555282,1.0,-0.1384,-0.1123,0.1326,1.0,1.0,0.3797,bed
person,bed,0.2074,0.975078,0.970274,1.004951,0.9928,-0.0017,0.001,0.0015,1.0,1.0,0.493,bed
bottle,table,0.9085,0.013557,0.374183,0.036231,0.8923,-0.1172,-0.2167,0.1473,1.0,1.0,0.2565,table
book,table,0.6931,0.052626,0.374183,0.140643,1.0,0.0078,-0.1471,0.0723,1.0,1.0,0.326,table
handbag,table,0.3872,0.050168,0.374183,0.134073,0.7895,0.1836,-0.2416,0.199,1.0,1.0,0.2316,table
backpack,table,0.2917,0.043196,0.374183,0.115441,0.7823,0.1864,-0.2485,0.203,1.0,1.0,0.2247,table
bottle,table,0.8635,0.010903,0.348055,0.031326,0.7949,-0.1038,-0.2336,0.1458,1.0,1.0,0.3569,table
bottle,sofa,0.8635,0.010903,0.086996,0.125332,0.0,0.2679,0.1889,0.2512,0.0,0.0,0.3569,__none__
book,table,0.5203,0.043986,0.348055,0.126377,1.0,0.0134,-0.163,0.0807,1.0,1.0,0.4274,table
book,sofa,0.5203,0.043986,0.086996,0.505611,0.0,0.385,0.2594,0.359,0.0,0.0,0.4274,__none__
bowl,table,0.2281,0.025568,0.348055,0.073459,1.0,0.1881,-0.1501,0.1797,1.0,1.0,0.4404,table
bowl,sofa,0.2281,0.025568,0.086996,0.293894,0.0,0.5597,0.2724,0.5059,0.0,0.0,0.4404,__none__
backpack,table,0.21,0.036451,0.348055,0.104728,0.6847,0.1853,-0.2614,0.2061,1.0,1.0,0.329,table
backpack,sofa,0.21,0.036451,0.086996,0.418996,0.0,0.5569,0.161,0.492,0.0,1.0,0.329,__none__
bottle,table,0.8789,0.010903,0.354924,0.03072,0.7692,-0.1172,-0.2455,0.1578,1.0,1.0,0.3668,table
bottle,sofa,0.8789,0.010903,0.11774,0.092605,0.0,0.2891,0.17,0.2654,0.0,1.0,0.3668,__none__
bottle,chair,0.8789,0.010903,0.068677,0.158762,0.0,0.3583,-0.2853,0.3422,0.0,0.0,0.3668,__none__
cat,table,0.7604,0.040977,0.354924,0.115454,0.4492,-0.2757,0.2266,0.2647,1.0,1.0,0.839,table
cat,sofa,0.7604,0.040977,0.11774,0.348033,0.0,0.1306,0.6421,0.3343,1.0,0.0,0.839,__none__
cat,chair,0.7604,0.040977,0.068677,0.596666,0.0,0.1998,0.1869,0.1968,0.0,1.0,0.839,__none__
book,table,0.5962,0.044133,0.354924,0.124344,1.0,0.0033,-0.1759,0.0862,1.0,1.0,0.4364,table
book,sofa,0.5962,0.044133,0.11774,0.37483,0.0,0.4096,0.2396,0.3759,0.0,0.0,0.4364,__none__
book,chair,0.5962,0.044133,0.068677,0.642608,0.0,0.4788,-0.2157,0.4307,0.0,0.0,0.4364,__none__
bottle,table,0.8411,0.01152,0.344753,0.033416,0.8051,-0.1183,-0.2386,0.1558,1.0,1.0,0.3618,table
bottle,sofa,0.8411,0.01152,0.109899,0.104825,0.0,0.2824,0.168,0.2596,0.0,1.0,0.3618,__none__
cat,table,0.7298,0.083512,0.344753,0.242238,0.4059,-0.2785,0.1551,0.2544,0.0,1.0,0.7555,table
cat,sofa,0.7298,0.083512,0.109899,0.759903,0.0,0.1222,0.5616,0.2949,1.0,0.0,0.7555,__none__
book,table,0.5088,0.043755,0.344753,0.126918,1.0,0.0,-0.169,0.0827,1.0,1.0,0.4314,table
book,sofa,0.5088,0.043755,0.109899,0.398143,0.0,0.4007,0.2376,0.3682,0.0,0.0,0.4314,__none__
bowl,table,0.2054,0.056864,0.344753,0.164942,0.7852,0.1685,-0.2256,0.1838,1.0,1.0,0.3748,table
bowl,sofa,0.2054,0.056864,0.109899,0.517424,0.0,0.5692,0.1809,0.5042,0.0,1.0,0.3748,__none__
bottle,table,0.8888,0.012931,0.34612,0.037361,0.8629,-0.1094,-0.2048,0.1384,1.0,1.0,0.4871,table
bottle,sofa,0.8888,0.012931,0.085097,0.151961,0.0,0.255,0.2803,0.2613,0.0,0.0,0.4871,__none__
book,table,0.5509,0.049205,0.34612,0.142161,1.0,0.0128,-0.1392,0.069,1.0,1.0,0.5527,table
book,sofa,0.5509,0.049205,0.085097,0.578223,0.0,0.3772,0.3459,0.37,0.0,0.0,0.5527,__none__
bowl,table,0.4002,0.055449,0.34612,0.160201,0.7619,0.1825,-0.2177,0.1915,1.0,1.0,0.4742,table
bowl,sofa,0.4002,0.055449,0.085097,0.651596,0.0,0.5469,0.2674,0.4945,0.0,0.0,0.4742,__none__
cat,table,0.3382,0.072301,0.34612,0.208889,0.3391,-0.3337,0.174,0.3032,0.0,1.0,0.8658,table
cat,sofa,0.3382,0.072301,0.085097,0.84963,0.0,0.0307,0.659,0.3237,1.0,0.0,0.8658,__none__
dog,table,0.313,0.072844,0.34612,0.21046,0.3366,-0.3337,0.175,0.3033,0.0,1.0,0.8668,table
dog,sofa,0.313,0.072844,0.085097,0.856018,0.0,0.0307,0.66,0.3242,1.0,0.0,0.8668,__none__
bottle,table,0.8476,0.015807,0.350946,0.045041,0.8394,-0.101,-0.1829,0.1256,1.0,1.0,0.5278,table
book,table,0.625,0.054246,0.350946,0.154571,1.0,0.0301,-0.1004,0.0557,1.0,1.0,0.6103,table
bowl,table,0.3592,0.054184,0.350946,0.154394,0.8986,0.202,-0.1581,0.1924,1.0,1.0,0.5527,table
bottle,table,0.8674,0.020269,0.307945,0.06582,0.9724,-0.029,-0.2028,0.1024,1.0,1.0,0.4344,table
bottle,sofa,0.8674,0.020269,0.198239,0.102245,0.0,0.548,0.1799,0.4859,0.0,1.0,0.4344,__none__
book,table,0.2568,0.063842,0.307945,0.207318,1.0,0.1116,-0.1074,0.1106,1.0,1.0,0.5298,table
book,sofa,0.2568,0.063842,0.198239,0.322047,0.0,0.6886,0.2753,0.6154,0.0,0.0,0.5298,__none__
bottle,table,0.6616,0.022787,0.429663,0.053035,0.9937,-0.0792,-0.2386,0.1357,1.0,1.0,0.3479,table
bottle,sofa,0.6616,0.022787,0.135573,0.168082,0.0,0.49,0.1282,0.4318,0.0,1.0,0.3479,__none__
bottle,table,0.8947,0.018887,0.297095,0.063571,0.6118,-0.1032,-0.2217,0.141,1.0,1.0,0.5209,table
book,table,0.2075,0.061439,0.297095,0.206801,0.9846,0.0391,-0.1302,0.0723,1.0,1.0,0.6123,table
book,table,0.5542,0.057312,0.57092,0.100386,1.0,0.0061,-0.175,0.0858,1.0,1.0,0.341,table
cup,table,0.5805,0.010151,0.41675,0.024358,1.0,-0.1105,-0.2594,0.1594,1.0,1.0,0.0746,table
book,table,0.3939,0.051743,0.41675,0.124159,1.0,0.034,-0.2247,0.1139,1.0,1.0,0.1093,table
bottle,table,0.8689,0.020901,0.425749,0.049093,0.5987,-0.0988,-0.327,0.1818,1.0,1.0,0.1561,table
handbag,table,0.3316,0.060578,0.425749,0.142287,0.5655,0.1942,-0.338,0.2367,1.0,1.0,0.1451,table
book,table,0.2294,0.058244,0.425749,0.136804,0.976,0.0396,-0.2396,0.1223,1.0,1.0,0.2435,table
bottle,table,0.8894,0.020901,0.424901,0.049191,0.6051,-0.0943,-0.327,0.18,1.0,1.0,0.1561,table
handbag,table,0.3606,0.056627,0.424901,0.13327,0.5572,0.1953,-0.3429,0.2391,1.0,1.0,0.1402,table
book,table,0.3348,0.058431,0.424901,0.137516,0.9762,0.0458,-0.2406,0.1243,1.0,1.0,0.2425,table
bottle,table,0.8698,0.01969,0.427249,0.046085,0.6209,-0.0954,-0.325,0.1796,1.0,1.0,0.1521,table
book,table,0.4294,0.057312,0.427249,0.134143,0.9837,0.0463,-0.2435,0.1259,1.0,1.0,0.2336,table
handbag,table,0.2614,0.054619,0.427249,0.127838,0.5704,0.1953,-0.3419,0.2388,1.0,1.0,0.1352,table
bottle,table,0.8943,0.018463,0.388905,0.047474,0.7771,-0.0614,-0.2803,0.1473,1.0,1.0,0.335,table
book,table,0.2801,0.062904,0.388905,0.161746,1.0,0.0882,-0.1899,0.1206,1.0,1.0,0.4254,table
handbag,table,0.2259,0.042335,0.388905,0.108858,0.6486,0.1992,-0.3181,0.2333,1.0,1.0,0.2972,table
bottle,table,0.8775,0.01969,0.186568,0.105537,0.7712,-0.0519,-0.1123,0.0712,1.0,1.0,0.6849,table
bowl,table,0.3716,0.013484,0.186568,0.072273,0.6013,0.2076,-0.172,0.1996,1.0,1.0,0.6252,table
bottle,table,0.8541,0.023138,0.255458,0.090574,0.8797,-0.0949,-0.0934,0.0945,1.0,1.0,0.6938,table
bottle,sofa,0.8541,0.023138,0.314903,0.073476,0.0,0.4102,0.2515,0.3782,0.0,1.0,0.6938,__none__
bowl,table,0.3509,0.055959,0.255458,0.219053,0.5773,0.2277,-0.1829,0.2178,1.0,1.0,0.6044,table
bowl,sofa,0.3509,0.055959,0.314903,0.177702,0.0,0.7327,0.162,0.6438,0.0,1.0,0.6044,__none__
bottle,table,0.8845,0.025241,0.308426,0.081839,0.9241,-0.1289,-0.1014,0.1229,1.0,1.0,0.66,table
bowl,table,0.2603,0.081369,0.308426,0.26382,0.4767,0.2232,-0.2425,0.228,1.0,0.0,0.5189,table
bottle,table,0.8501,0.025128,0.112801,0.222766,0.7351,-0.0631,-0.0398,0.0583,1.0,1.0,0.8499,table
bottle,table,0.8838,0.023577,0.493912,0.047736,0.8634,-0.1585,-0.1819,0.1644,1.0,1.0,0.498,table
bottle,sofa,0.8838,0.023577,0.086082,0.273894,0.0,0.2249,0.2873,0.2413,0.0,0.0,0.498,__none__
book,table,0.4881,0.077031,0.493912,0.155961,1.0,0.0095,-0.0944,0.047,1.0,1.0,0.5855,table
book,sofa,0.4881,0.077031,0.086082,0.89486,0.0,0.3929,0.3748,0.3886,0.0,0.0,0.5855,__none__
banana,table,0.4007,0.01349,0.493912,0.027314,0.925,0.1429,-0.2306,0.1681,1.0,1.0,0.4493,table
banana,sofa,0.4007,0.01349,0.086082,0.156717,0.0,0.5262,0.2386,0.4735,0.0,0.0,0.4493,__none__
bowl,table,0.3645,0.090262,0.493912,0.182749,0.6944,0.2254,-0.2286,0.2262,1.0,1.0,0.4513,table
bowl,sofa,0.3645,0.090262,0.086082,1.048562,0.0,0.6088,0.2406,0.5438,0.0,0.0,0.4513,__none__
bottle,table,0.8606,0.033249,0.672683,0.049428,0.7405,-0.1802,-0.336,0.2275,1.0,1.0,0.1839,table
book,table,0.6904,0.086324,0.672683,0.128327,1.0,-0.0039,-0.2207,0.1081,1.0,1.0,0.2992,table
book,table,0.5803,0.094096,0.515745,0.182447,0.9934,-0.0798,-0.2386,0.1359,1.0,1.0,0.1511,table
remote,table,0.559,0.02352,0.515745,0.045603,1.0,-0.2746,-0.2823,0.2764,1.0,1.0,0.1074,table
book,table,0.5509,0.063936,0.529976,0.120639,0.9912,-0.034,-0.2505,0.1262,1.0,1.0,0.1123,table
bottle,table,0.5426,0.011644,0.529976,0.021972,0.9844,-0.2243,-0.2992,0.2444,1.0,1.0,0.0636,table
bottle,table,0.6221,0.035665,0.841678,0.042374,0.9787,-0.3075,-0.3449,0.3169,1.0,1.0,0.1402,table
book,table,0.5454,0.140618,0.841678,0.167069,1.0,-0.0781,-0.2833,0.1545,1.0,1.0,0.2018,table
bottle,table,0.6457,0.034481,0.868796,0.039688,1.0,-0.2679,-0.334,0.2851,1.0,1.0,0.1471,table
book,table,0.4557,0.126966,0.868796,0.14614,1.0,-0.0474,-0.2594,0.1336,1.0,1.0,0.2217,table
bottle,table,0.8273,0.030953,0.923566,0.033514,0.9226,-0.2221,-0.34,0.2553,1.0,1.0,0.1541,table
book,table,0.4678,0.117671,0.923566,0.12741,1.0,-0.0106,-0.2545,0.1249,1.0,1.0,0.2396,table
bottle,table,0.8707,0.043411,0.851121,0.051005,0.7023,-0.2104,-0.3419,0.2483,1.0,1.0,0.2137,table
book,table,0.5714,0.113351,0.851121,0.133179,1.0,-0.0039,-0.2058,0.1008,1.0,1.0,0.3499,table
bottle,table,0.8743,0.045397,0.907368,0.050032,0.9455,-0.1842,-0.2624,0.2056,1.0,1.0,0.2664,table
book,table,0.4796,0.125049,0.907368,0.137815,1.0,0.0234,-0.1312,0.0674,1.0,1.0,0.3976,table
bowl,table,0.3191,0.146461,0.907368,0.161412,0.8655,0.3064,-0.2952,0.3037,1.0,1.0,0.2336,table
bottle,table,0.8754,0.047427,0.891617,0.053193,0.9244,-0.1853,-0.2584,0.2052,1.0,1.0,0.2793,table
book,table,0.3588,0.124891,0.891617,0.140073,1.0,0.0223,-0.1252,0.0643,1.0,1.0,0.4125,table
bottle,table,0.8573,0.045051,0.734411,0.061343,0.713,-0.1691,-0.2803,0.2014,1.0,1.0,0.34,table
bowl,table,0.5392,0.151715,0.734411,0.20658,0.5974,0.3164,-0.327,0.319,1.0,1.0,0.2932,table
bottle,table,0.8681,0.042852,0.702459,0.061003,0.6682,-0.1574,-0.2913,0.1979,1.0,1.0,0.337,table
book,table,0.263,0.125049,0.702459,0.178016,1.0,0.048,-0.169,0.0927,1.0,1.0,0.4592,table
bottle,table,0.8706,0.039795,0.690278,0.05765,0.6398,-0.1523,-0.3052,0.1999,1.0,1.0,0.3211,table
handbag,table,0.3549,0.145664,0.690278,0.211022,0.5527,0.3186,-0.339,0.3236,1.0,1.0,0.2873,table
book,table,0.3191,0.123556,0.690278,0.178994,1.0,0.0552,-0.1779,0.0995,1.0,1.0,0.4483,table
bottle,table,0.8919,0.044017,0.701851,0.062716,0.6239,-0.1607,-0.3082,0.2059,1.0,1.0,0.3181,table
book,table,0.3182,0.125559,0.701851,0.178897,0.9734,0.0491,-0.1849,0.1001,1.0,1.0,0.4414,table
bottle,table,0.8687,0.035537,0.612424,0.058026,0.6106,-0.12,-0.326,0.1908,1.0,1.0,0.2922,table
bottle,sofa,0.8687,0.035537,0.098037,0.362484,0.0,0.3181,0.1233,0.2839,0.0,1.0,0.2922,__none__
handbag,table,0.3739,0.098849,0.612424,0.161406,0.513,0.3025,-0.3648,0.3185,1.0,1.0,0.2535,table
handbag,sofa,0.3739,0.098849,0.098037,1.008284,0.0,0.7405,0.0845,0.647,0.0,1.0,0.2535,__none__
book,table,0.2585,0.118716,0.612424,0.193847,0.9886,0.0848,-0.2008,0.123,1.0,1.0,0.4175,table
book,sofa,0.2585,0.118716,0.098037,1.210936,0.0,0.5229,0.2485,0.4719,0.0,0.0,0.4175,__none__
bottle,table,0.8946,0.036256,0.635923,0.057013,0.6279,-0.1021,-0.334,0.1862,1.0,1.0,0.2614,table
bottle,sofa,0.8946,0.036256,0.086761,0.417881,0.0,0.3359,0.1153,0.2983,0.0,1.0,0.2614,__none__
bottle,chair,0.8946,0.036256,0.027849,1.301888,0.0,0.4425,-0.5089,0.4593,0.0,0.0,0.2614,__none__
book,table,0.5274,0.126393,0.635923,0.198756,1.0,0.1083,-0.1998,0.1359,1.0,1.0,0.3956,table
book,sofa,0.5274,0.126393,0.086761,1.456805,0.0,0.5463,0.2495,0.4918,0.0,0.0,0.3956,__none__
book,chair,0.5274,0.126393,0.027849,4.538603,0.0,0.6529,-0.3748,0.5982,0.0,0.0,0.3956,__none__
handbag,table,0.4252,0.089055,0.635923,0.14004,0.5496,0.3147,-0.3628,0.3269,1.0,1.0,0.2326,table
handbag,sofa,0.4252,0.089055,0.086761,1.026444,0.0,0.7528,0.0865,0.6578,0.0,1.0,0.2326,__none__
handbag,chair,0.4252,0.089055,0.027849,3.197833,0.0,0.8594,-0.5378,0.7943,0.0,0.0,0.2326,__none__
bottle,table,0.8845,0.037416,0.623777,0.059983,0.6164,-0.0982,-0.338,0.1863,1.0,1.0,0.2575,table
bottle,sofa,0.8845,0.037416,0.097629,0.38325,0.0,0.3438,0.0984,0.3036,0.0,1.0,0.2575,__none__
book,table,0.5476,0.128479,0.623777,0.20597,1.0,0.1177,-0.2018,0.1425,1.0,1.0,0.3936,table
book,sofa,0.5476,0.128479,0.097629,1.316,0.0,0.5597,0.2346,0.5014,0.0,0.0,0.3936,__none__
backpack,table,0.3332,0.080632,0.623777,0.129265,0.553,0.3142,-0.3628,0.3265,1.0,1.0,0.2326,table
backpack,sofa,0.3332,0.080632,0.097629,0.825909,0.0,0.7561,0.0736,0.6603,0.0,1.0,0.2326,__none__
bottle,table,0.9238,0.034339,0.569813,0.060263,0.6415,-0.0893,-0.3141,0.1724,1.0,1.0,0.3121,table
bottle,sofa,0.9238,0.034339,0.141923,0.241952,0.0,0.3549,0.1024,0.3135,0.0,1.0,0.3121,__none__
person,table,0.3016,0.067071,0.569813,0.117707,0.5153,0.3075,-0.3668,0.3227,1.0,1.0,0.2594,table
person,sofa,0.3016,0.067071,0.141923,0.472586,0.0,0.7517,0.0497,0.6559,0.0,1.0,0.2594,__none__
backpack,table,0.2959,0.066853,0.569813,0.117325,0.5174,0.3069,-0.3658,0.322,1.0,1.0,0.2604,table
backpack,sofa,0.2959,0.066853,0.141923,0.471054,0.0,0.7511,0.0507,0.6554,0.0,1.0,0.2604,__none__
book,table,0.2127,0.137035,0.569813,0.240491,0.9793,0.1267,-0.1899,0.1444,1.0,1.0,0.4364,table
book,sofa,0.2127,0.137035,0.141923,0.965558,0.0,0.5709,0.2266,0.51,0.0,0.0,0.4364,__none__
bottle,table,0.8946,0.035446,0.607092,0.058386,0.6291,-0.1016,-0.33,0.1842,1.0,1.0,0.2694,table
bottle,sofa,0.8946,0.035446,0.10434,0.339713,0.0,0.3471,0.0994,0.3066,0.0,1.0,0.2694,__none__
book,table,0.5564,0.128581,0.607092,0.211799,0.9789,0.1083,-0.2038,0.1373,1.0,1.0,0.3956,table
book,sofa,0.5564,0.128581,0.10434,1.232323,0.0,0.5569,0.2256,0.498,0.0,0.0,0.3956,__none__
backpack,table,0.5242,0.081955,0.607092,0.134996,0.5318,0.3052,-0.3688,0.3216,1.0,1.0,0.2306,table
backpack,sofa,0.5242,0.081955,0.10434,0.785455,0.0,0.7539,0.0606,0.6581,0.0,1.0,0.2306,__none__
bottle,table,0.9203,0.033069,0.565642,0.058464,0.6232,-0.0904,-0.3231,0.1767,1.0,1.0,0.2893,table
bottle,sofa,0.9203,0.033069,0.131798,0.250909,0.0,0.3616,0.0924,0.3185,0.0,1.0,0.2893,__none__
book,table,0.4499,0.12725,0.565642,0.224965,0.9784,0.1172,-0.1978,0.1408,1.0,1.0,0.4145,table
book,sofa,0.4499,0.12725,0.131798,0.965488,0.0,0.5692,0.2177,0.5076,0.0,0.0,0.4145,__none__
person,table,0.4216,0.070392,0.565642,0.124447,0.5111,0.2997,-0.3688,0.3176,1.0,1.0,0.2435,table
person,sofa,0.4216,0.070392,0.131798,0.534091,0.0,0.7517,0.0467,0.6559,0.0,1.0,0.2435,__none__
bottle,table,0.8844,0.032295,0.561803,0.057485,0.6439,-0.0982,-0.3131,0.1756,1.0,1.0,0.3032,table
bottle,sofa,0.8844,0.032295,0.140048,0.2306,0.0,0.3532,0.0915,0.3113,0.0,1.0,0.3032,__none__
backpack,table,0.473,0.074715,0.561803,0.132991,0.5157,0.2935,-0.3648,0.3121,1.0,1.0,0.2515,table
backpack,sofa,0.473,0.074715,0.140048,0.533493,0.0,0.745,0.0398,0.6499,0.0,1.0,0.2515,__none__
book,table,0.4092,0.120744,0.561803,0.214923,0.9835,0.1038,-0.1968,0.1322,1.0,1.0,0.4195,table
book,sofa,0.4092,0.120744,0.140048,0.862163,0.0,0.5552,0.2078,0.4947,0.0,1.0,0.4195,__none__
bottle,table,0.8669,0.01922,0.539393,0.035632,1.0,-0.1562,-0.2386,0.1795,1.0,1.0,0.336,table
bottle,sofa,0.8669,0.01922,0.134994,0.142373,0.0,0.2985,0.0755,0.2629,0.0,1.0,0.336,__none__
bowl,table,0.454,0.066991,0.539393,0.124197,0.6757,0.1735,-0.34,0.2249,1.0,1.0,0.2346,table
bowl,sofa,0.454,0.066991,0.134994,0.496252,0.0,0.6283,-0.0258,0.5481,0.0,1.0,0.2346,__none__
book,table,0.4385,0.053935,0.539393,0.099993,1.0,-0.0162,-0.1869,0.0926,1.0,1.0,0.3877,table
book,sofa,0.4385,0.053935,0.134994,0.39954,0.0,0.4386,0.1272,0.3875,0.0,1.0,0.3877,__none__
bottle,table,0.8817,0.015572,0.406505,0.038306,1.0,-0.1278,-0.2187,0.1545,1.0,1.0,0.4026,table
bottle,sofa,0.8817,0.015572,0.094589,0.164626,0.0,0.2623,0.159,0.2416,0.0,1.0,0.4026,__none__
book,table,0.5111,0.043986,0.406505,0.108205,1.0,-0.0067,-0.1819,0.0892,1.0,1.0,0.4394,table
book,sofa,0.5111,0.043986,0.094589,0.465025,0.0,0.3834,0.1958,0.3478,0.0,1.0,0.4394,__none__
bottle,table,0.8782,0.016648,0.424373,0.039229,1.0,-0.1166,-0.1948,0.1394,1.0,1.0,0.4205,table
book,table,0.5236,0.048175,0.424373,0.113521,1.0,0.0078,-0.1581,0.0777,1.0,1.0,0.4573,table
bowl,table,0.233,0.027691,0.424373,0.065251,1.0,0.173,-0.2237,0.1864,1.0,1.0,0.3917,table
banana,table,0.2046,0.003417,0.424373,0.008052,1.0,0.2372,-0.2773,0.2474,1.0,1.0,0.338,table
bottle,table,0.8918,0.016513,0.41233,0.040047,1.0,-0.1166,-0.2028,0.1421,1.0,1.0,0.4095,table
book,table,0.4392,0.045277,0.41233,0.109809,1.0,0.0061,-0.159,0.078,1.0,1.0,0.4533,table
bowl,table,0.4084,0.022932,0.41233,0.055615,1.0,0.1691,-0.2137,0.1808,1.0,1.0,0.3986,table
banana,table,0.2356,0.00371,0.41233,0.008997,1.0,0.2366,-0.2763,0.2467,1.0,1.0,0.336,table
bottle,table,0.9166,0.017753,0.434842,0.040826,1.0,-0.1278,-0.2008,0.1486,1.0,1.0,0.4165,table
book,table,0.5896,0.053678,0.434842,0.123442,1.0,0.0006,-0.168,0.0822,1.0,1.0,0.4493,table
handbag,table,0.2226,0.051197,0.434842,0.117738,0.7122,0.1696,-0.3062,0.2106,1.0,1.0,0.3111,table
backpack,table,0.2049,0.041536,0.434842,0.095521,0.6581,0.1685,-0.328,0.2177,1.0,1.0,0.2893,table
bottle,table,0.8514,0.023065,0.395835,0.058269,1.0,-0.1429,-0.1362,0.1413,1.0,1.0,0.506,table
bottle,sofa,0.8514,0.023065,0.055648,0.414474,0.0,-0.6267,0.4115,0.5824,0.0,0.0,0.506,__none__
book,table,0.7188,0.062917,0.395835,0.158948,1.0,-0.0028,-0.1183,0.058,1.0,1.0,0.5239,table
book,sofa,0.7188,0.062917,0.055648,1.130622,0.0,-0.4866,0.4294,0.4735,0.0,0.0,0.5239,__none__
bottle,table,0.8264,0.016102,0.308107,0.052261,1.0,-0.1345,-0.0865,0.1247,1.0,1.0,0.4543,table
book,table,0.5806,0.056536,0.308107,0.183494,1.0,-0.0167,-0.0755,0.0398,1.0,1.0,0.4652,table
backpack,table,0.2338,0.057113,0.308107,0.185367,0.5455,0.1373,-0.2475,0.1703,1.0,1.0,0.2932,table
bottle,table,0.89,0.020253,0.530336,0.03819,0.9509,-0.0904,-0.2843,0.1599,1.0,1.0,0.17,table
handbag,table,0.2956,0.045109,0.530336,0.085057,0.8879,0.202,-0.3479,0.245,1.0,1.0,0.1064,table
bottle,table,0.8396,0.018592,0.525641,0.035369,0.898,-0.096,-0.2932,0.1662,1.0,1.0,0.1461,table
book,table,0.2631,0.063556,0.525641,0.120912,1.0,0.0491,-0.2545,0.1317,1.0,1.0,0.1849,table
bottle,table,0.8106,0.016402,0.577748,0.028389,0.9621,-0.1194,-0.2883,0.1754,1.0,1.0,0.1312,table
book,table,0.4346,0.065356,0.577748,0.113121,1.0,0.0229,-0.2714,0.1343,1.0,1.0,0.1481,table
cup,table,0.3824,0.014777,0.53074,0.027843,1.0,-0.0965,-0.2853,0.1631,1.0,1.0,0.1103,table
book,table,0.3638,0.06053,0.53074,0.114048,1.0,0.0508,-0.2724,0.1405,1.0,1.0,0.1233,table
bottle,table,0.3516,0.014414,0.53074,0.027157,1.0,-0.0954,-0.2843,0.1621,1.0,1.0,0.1113,table
person,chair,0.3266,0.611938,0.615925,0.993526,0.9982,-0.0006,-0.002,0.0011,1.0,1.0,0.4881,chair
keyboard,chair,0.8521,0.10661,0.698843,0.152553,0.5513,0.3365,-0.2783,0.3235,1.0,1.0,0.2167,chair
keyboard,bed,0.8521,0.10661,0.281649,0.378521,0.0,0.6786,-0.2763,0.607,0.0,1.0,0.2167,__none__
backpack,chair,0.6266,0.340084,0.698843,0.48664,1.0,0.0675,-0.008,0.059,1.0,1.0,0.4871,chair
backpack,bed,0.6266,0.340084,0.281649,1.207475,0.0,0.4096,-0.006,0.3572,0.0,1.0,0.4871,__none__
backpack,chair,0.3723,0.329536,0.235586,1.398791,0.4439,-0.0061,-0.2853,0.1398,1.0,0.0,0.4712,chair
keyboard,chair,0.8107,0.03263,0.580934,0.056168,0.8023,0.2087,-0.3469,0.2489,1.0,1.0,0.1481,chair
person,chair,0.3369,0.095707,0.580934,0.164747,0.6072,-0.2757,0.2256,0.2645,1.0,1.0,0.7207,chair
backpack,chair,0.2885,0.253459,0.580934,0.436296,1.0,0.0932,-0.0467,0.0844,1.0,1.0,0.4483,chair
cup,chair,0.2653,0.004806,0.580934,0.008273,0.9649,0.1596,-0.4384,0.2558,1.0,1.0,0.0567,chair
keyboard,chair,0.8656,0.029399,0.545848,0.05386,0.78,0.2003,-0.326,0.2366,1.0,1.0,0.17,chair
keyboard,table,0.8656,0.029399,0.123167,0.238696,0.0,0.4911,-0.5169,0.4974,0.0,0.0,0.17,__none__
cup,chair,0.2892,0.006277,0.545848,0.0115,1.0,0.1551,-0.4215,0.2467,1.0,1.0,0.0746,chair
cup,table,0.2892,0.006277,0.123167,0.050964,0.0,0.4459,-0.6123,0.4909,0.0,0.0,0.0746,__none__
keyboard,chair,0.7362,0.025295,0.269282,0.093934,0.6909,0.1166,-0.3181,0.186,1.0,1.0,0.3141,chair
keyboard,bed,0.7362,0.025295,0.136396,0.18545,0.0,0.5201,-0.4036,0.4947,0.0,0.0,0.3141,__none__
keyboard,chair,0.2033,0.016694,0.269282,0.061996,0.7251,0.1094,-0.33,0.1876,1.0,1.0,0.3022,chair
keyboard,bed,0.2033,0.016694,0.136396,0.122397,0.0,0.5128,-0.4155,0.4913,0.0,0.0,0.3022,__none__
tv,chair,0.7916,0.049924,0.439275,0.11365,0.3744,0.1959,-0.4414,0.2754,1.0,1.0,0.0994,chair
tv,bed,0.7916,0.049924,0.151089,0.330426,0.0,0.5407,-0.5974,0.5548,0.0,0.0,0.0994,__none__
keyboard,chair,0.725,0.02099,0.439275,0.047784,0.7674,0.1802,-0.2326,0.1941,1.0,1.0,0.3082,chair
keyboard,bed,0.725,0.02099,0.151089,0.138926,0.0,0.5251,-0.3887,0.4958,0.0,0.0,0.3082,__none__
keyboard,chair,0.2651,0.020227,0.439275,0.046046,0.7736,0.1797,-0.2515,0.1993,1.0,1.0,0.2893,chair
keyboard,bed,0.2651,0.020227,0.151089,0.133874,0.0,0.5246,-0.4076,0.499,0.0,0.0,0.2893,__none__
tv,chair,0.7989,0.050962,0.443322,0.114955,0.3597,0.1964,-0.4443,0.2769,1.0,1.0,0.0984,chair
tv,bed,0.7989,0.050962,0.205206,0.248346,0.0,0.567,-0.5249,0.5572,0.0,0.0,0.0984,__none__
keyboard,chair,0.7412,0.024389,0.443322,0.055015,0.7729,0.178,-0.2266,0.1908,1.0,1.0,0.3161,chair
keyboard,bed,0.7412,0.024389,0.205206,0.118853,0.0,0.5485,-0.3072,0.5014,0.0,1.0,0.3161,__none__
keyboard,chair,0.2571,0.007526,0.443322,0.016977,1.0,0.115,-0.2465,0.1569,1.0,1.0,0.2962,chair
keyboard,bed,0.2571,0.007526,0.205206,0.036677,0.0,0.4855,-0.327,0.4526,0.0,1.0,0.2962,__none__
keyboard,chair,0.2251,0.007926,0.443322,0.017878,1.0,0.0993,-0.2465,0.1485,1.0,1.0,0.2962,chair
keyboard,bed,0.2251,0.007926,0.205206,0.038623,0.0,0.4699,-0.327,0.4399,0.0,1.0,0.2962,__none__
keyboard,chair,0.8723,0.025627,0.439375,0.058327,0.7706,0.1775,-0.2276,0.1907,1.0,1.0,0.3161,chair
keyboard,bed,0.8723,0.025627,0.209278,0.122457,0.0,0.5491,-0.3111,0.5025,0.0,1.0,0.3161,__none__
tv,chair,0.8527,0.051317,0.439375,0.116796,0.3362,0.1981,-0.4463,0.2785,1.0,0.0,0.0974,chair
tv,bed,0.8527,0.051317,0.209278,0.24521,0.0,0.5698,-0.5298,0.5604,0.0,0.0,0.0974,__none__
keyboard,chair,0.7735,0.02614,0.383662,0.068133,0.7229,0.1814,-0.1839,0.182,1.0,1.0,0.4066,chair
keyboard,bed,0.7735,0.02614,0.116808,0.223786,0.0,0.5407,-0.331,0.4986,0.0,0.0,0.4066,__none__
backpack,chair,0.2757,0.200094,0.383662,0.521537,1.0,0.0692,0.0577,0.0666,1.0,1.0,0.6481,chair
backpack,bed,0.2757,0.200094,0.116808,1.713016,0.0,0.4286,-0.0895,0.3763,0.0,1.0,0.6481,__none__
keyboard,chair,0.2087,0.010209,0.383662,0.026609,1.0,0.1077,-0.2038,0.137,1.0,1.0,0.3867,chair
keyboard,bed,0.2087,0.010209,0.116808,0.087398,0.0,0.4671,-0.3509,0.442,0.0,0.0,0.3867,__none__
tv,chair,0.883,0.058178,0.441041,0.13191,0.3229,0.1975,-0.4443,0.2775,1.0,0.0,0.1163,chair
tv,bed,0.883,0.058178,0.103542,0.561877,0.0,0.5385,-0.6143,0.5576,0.0,0.0,0.1163,__none__
keyboard,chair,0.8619,0.023464,0.441041,0.053202,0.8178,0.1758,-0.2078,0.1839,1.0,1.0,0.3529,chair
keyboard,bed,0.8619,0.023464,0.103542,0.226615,0.0,0.5167,-0.3777,0.4871,0.0,0.0,0.3529,__none__
keyboard,chair,0.3236,0.041004,0.441041,0.092971,0.8167,0.1708,-0.2376,0.1889,1.0,1.0,0.3231,chair
keyboard,bed,0.3236,0.041004,0.103542,0.396014,0.0,0.5117,-0.4076,0.4888,0.0,0.0,0.3231,__none__
backpack,chair,0.3158,0.205896,0.10251,2.00855,0.3522,0.0084,-0.2296,0.1126,1.0,0.0,0.6392,chair
backpack,bed,0.3158,0.205896,0.102111,2.016406,0.0,0.4219,-0.1103,0.3718,0.0,1.0,0.6392,__none__
person,bed,0.2142,0.106113,0.103841,1.02188,0.9704,0.0006,0.008,0.0039,1.0,1.0,0.7535,bed
person,chair,0.2142,0.106113,0.173504,0.611591,0.037,-0.2243,0.2346,0.2268,0.0,1.0,0.7535,__none__
keyboard,chair,0.8302,0.022162,0.406019,0.054583,0.7621,0.1802,-0.1889,0.1823,1.0,1.0,0.3936,chair
keyboard,bed,0.8302,0.022162,0.104274,0.212533,0.0,0.5335,-0.3489,0.4956,0.0,0.0,0.3936,__none__
backpack,chair,0.3031,0.210469,0.406019,0.518373,1.0,0.0714,0.0577,0.0684,1.0,1.0,0.6402,chair
backpack,bed,0.3031,0.210469,0.104274,2.018427,0.0,0.4247,-0.1024,0.3737,0.0,1.0,0.6402,__none__
person,bed,0.2535,0.105461,0.104274,1.011384,0.9755,0.0006,0.008,0.0039,1.0,1.0,0.7505,bed
person,chair,0.2535,0.105461,0.406019,0.259744,0.0103,-0.3527,0.168,0.3183,0.0,1.0,0.7505,__none__
backpack,chair,0.4931,0.535963,0.530567,1.010171,0.9859,0.0006,0.008,0.0039,1.0,1.0,0.497,chair
backpack,bed,0.4931,0.535963,0.459333,1.166828,0.0954,0.4704,-0.0358,0.4106,0.0,1.0,0.497,__none__
backpack,chair,0.3215,0.309931,0.530567,0.58415,0.9757,0.0887,0.0855,0.088,1.0,1.0,0.5746,chair
backpack,bed,0.3215,0.309931,0.459333,0.67474,0.0,0.5586,0.0417,0.4875,0.0,1.0,0.5746,__none__
backpack,chair,0.3761,0.190165,0.249845,0.761132,0.6175,0.1233,0.0895,0.1161,1.0,1.0,0.6909,chair
backpack,bed,0.3761,0.190165,0.517529,0.367448,0.9967,0.115,0.0924,0.11,1.0,1.0,0.6909,__none__
backpack,chair,0.4678,0.238336,0.293618,0.811721,0.5916,0.1456,0.0954,0.1353,1.0,1.0,0.6809,chair
backpack,bed,0.4678,0.238336,0.205952,1.15724,0.0,0.3839,0.1103,0.3391,0.0,1.0,0.6809,__none__
backpack,chair,0.4563,0.27936,0.487169,0.573435,0.9945,0.0709,0.1004,0.079,1.0,1.0,0.6521,chair
backpack,chair,0.5775,0.200294,0.429317,0.466541,0.8924,0.1239,0.1233,0.1237,1.0,1.0,0.6988,chair
backpack,chair,0.2152,0.044465,0.264456,0.168139,0.982,0.1233,0.161,0.1333,1.0,1.0,0.5557,chair
backpack,bed,0.2152,0.044465,0.239667,0.18553,0.0,0.4994,0.0497,0.4362,0.0,1.0,0.5557,__none__
backpack,chair,0.2328,0.048541,0.348055,0.139465,0.9237,0.13,0.0268,0.1141,1.0,1.0,0.5517,chair
backpack,bed,0.2328,0.048541,0.249219,0.194774,0.0,0.5006,0.0427,0.437,0.0,1.0,0.5517,__none__
cell phone,table,0.6773,0.08957,0.970696,0.092274,1.0,0.1278,-0.172,0.1397,1.0,1.0,0.3181,table
bottle,table,0.8805,0.009732,0.275375,0.03534,1.0,-0.1161,-0.161,0.1283,1.0,1.0,0.3459,table
bottle,sofa,0.8805,0.009732,0.015053,0.646521,0.0,-0.6289,0.2406,0.5609,0.0,0.0,0.3459,__none__
book,table,0.5444,0.036917,0.275375,0.134061,1.0,-0.0167,-0.0835,0.0434,1.0,1.0,0.4235,table
book,sofa,0.5444,0.036917,0.015053,2.452535,0.0,-0.5296,0.3181,0.4873,0.0,0.0,0.4235,__none__
banana,table,0.3781,0.009761,0.275375,0.035445,1.0,0.1864,-0.1541,0.1792,1.0,1.0,0.3529,table
banana,sofa,0.3781,0.009761,0.015053,0.648438,0.0,-0.3265,0.2475,0.3094,0.0,0.0,0.3529,__none__
handbag,table,0.3428,0.039806,0.275375,0.144552,0.8435,0.149,-0.2038,0.1638,1.0,1.0,0.3032,table
handbag,sofa,0.3428,0.039806,0.015053,2.644458,0.0,-0.3638,0.1978,0.3317,0.0,0.0,0.3032,__none__
bottle,table,0.8697,0.009006,0.273815,0.032892,1.0,-0.115,-0.165,0.1287,1.0,1.0,0.3429,table
bottle,sofa,0.8697,0.009006,0.015024,0.599468,0.0,-0.6272,0.2326,0.5587,0.0,0.0,0.3429,__none__
book,table,0.6901,0.03693,0.273815,0.134873,1.0,-0.014,-0.0865,0.044,1.0,1.0,0.4215,table
book,sofa,0.6901,0.03693,0.015024,2.45813,0.0,-0.5262,0.3111,0.4835,0.0,0.0,0.4215,__none__
banana,table,0.5219,0.010624,0.273815,0.038799,1.0,0.1847,-0.1571,0.1785,1.0,1.0,0.3509,table
banana,sofa,0.5219,0.010624,0.015024,0.707133,0.0,-0.3276,0.2406,0.309,0.0,0.0,0.3509,__none__
bottle,table,0.8593,0.009097,0.278288,0.03269,1.0,-0.115,-0.16,0.1272,1.0,1.0,0.3539,table
book,table,0.7471,0.035468,0.278288,0.127451,1.0,-0.0145,-0.0755,0.0391,1.0,1.0,0.4384,table
banana,table,0.4993,0.00876,0.278288,0.031478,1.0,0.1836,-0.1412,0.1744,1.0,1.0,0.3728,table
bottle,table,0.8133,0.011367,0.285697,0.039787,1.0,-0.1233,-0.1521,0.1308,1.0,1.0,0.1839,table
book,table,0.5941,0.038341,0.285697,0.134203,1.0,-0.0167,-0.0696,0.0371,1.0,1.0,0.2664,table
bottle,table,0.56,0.010111,0.270147,0.037429,1.0,-0.1256,-0.173,0.1384,1.0,1.0,0.0924,table
book,table,0.5562,0.043309,0.270147,0.160318,1.0,-0.0173,-0.1054,0.0537,1.0,1.0,0.16,table
banana,table,0.3286,0.013413,0.270147,0.04965,1.0,0.1948,-0.1889,0.1934,1.0,1.0,0.0765,table
book,table,0.286,0.037929,0.242971,0.156104,1.0,-0.0167,-0.1243,0.0626,1.0,1.0,0.1103,table
bottle,table,0.8056,0.010819,0.291252,0.037147,1.0,-0.1228,-0.1819,0.1392,1.0,1.0,0.1093,table
book,table,0.6153,0.042034,0.291252,0.14432,1.0,-0.019,-0.0944,0.0491,1.0,1.0,0.1968,table
bottle,table,0.788,0.007799,0.261218,0.029857,1.0,-0.1133,-0.1789,0.132,1.0,1.0,0.325,table
book,table,0.7767,0.034234,0.261218,0.131056,1.0,-0.0206,-0.1034,0.0537,1.0,1.0,0.4006,table
banana,table,0.4084,0.010269,0.261218,0.039311,1.0,0.178,-0.164,0.1748,1.0,1.0,0.34,table
book,table,0.7597,0.03283,0.26768,0.122646,1.0,-0.0206,-0.0895,0.0474,1.0,1.0,0.4831,table
book,sofa,0.7597,0.03283,0.051597,0.636278,0.0,-0.3443,0.4046,0.3597,0.0,0.0,0.4831,__none__
bottle,table,0.7435,0.007673,0.26768,0.028664,1.0,-0.115,-0.1561,0.126,1.0,1.0,0.4165,table
bottle,sofa,0.7435,0.007673,0.051597,0.148706,0.0,-0.4386,0.338,0.4167,0.0,0.0,0.4165,__none__
handbag,table,0.2423,0.038361,0.26768,0.143311,0.9204,0.1401,-0.1938,0.1547,1.0,1.0,0.3787,table
handbag,sofa,0.2423,0.038361,0.051597,0.743485,0.0,-0.1836,0.3002,0.2173,0.0,0.0,0.3787,__none__
bottle,table,0.8533,0.007875,0.264833,0.029734,1.0,-0.1161,-0.175,0.1326,1.0,1.0,0.4443,table
bottle,sofa,0.8533,0.007875,0.22429,0.035109,0.0,0.2165,0.1531,0.2031,0.0,1.0,0.4443,__none__
book,table,0.6729,0.036604,0.264833,0.138216,1.0,-0.0246,-0.0954,0.0514,1.0,1.0,0.5239,table
book,sofa,0.6729,0.036604,0.22429,0.163199,0.0,0.308,0.2326,0.2917,0.0,1.0,0.5239,__none__
banana,table,0.2443,0.009266,0.264833,0.034987,1.0,0.1741,-0.1561,0.17,1.0,1.0,0.4632,table
banana,sofa,0.2443,0.009266,0.22429,0.041312,0.0,0.5067,0.172,0.4498,0.0,1.0,0.4632,__none__
bottle,table,0.8697,0.007799,0.263064,0.029647,1.0,-0.1122,-0.1809,0.1319,1.0,1.0,0.3767,table
book,table,0.5163,0.033549,0.263064,0.12753,1.0,-0.0201,-0.1004,0.0522,1.0,1.0,0.4573,table
handbag,table,0.2259,0.037003,0.263064,0.140663,0.8532,0.1445,-0.2068,0.1616,1.0,1.0,0.3509,table
person,bed,0.2341,0.332858,0.977279,0.340596,0.9927,-0.2695,0.1262,0.243,1.0,1.0,0.6193,bed
remote,bed,0.3455,0.036584,0.668911,0.054692,1.0,-0.183,0.2962,0.2156,1.0,1.0,0.8787,bed
remote,bed,0.2014,0.018194,0.668911,0.0272,1.0,-0.159,0.326,0.2114,1.0,1.0,0.9085,bed
laptop,bed,0.653,0.077022,0.666661,0.115534,0.6223,0.3432,-0.1083,0.3039,1.0,1.0,0.4026,bed
laptop,bed,0.4048,0.03007,0.666661,0.045105,0.6591,0.3426,0.1372,0.3062,1.0,1.0,0.6481,bed
laptop,bed,0.4702,0.073931,0.675603,0.10943,0.5306,0.3521,-0.1252,0.3131,1.0,1.0,0.3499,bed
laptop,bed,0.3637,0.032395,0.675603,0.04795,0.54,0.351,0.0656,0.3078,1.0,1.0,0.5408,bed
laptop,bed,0.2411,0.036185,0.671014,0.053925,0.4907,0.3549,0.0736,0.3116,0.0,1.0,0.5477,bed
laptop,bed,0.2687,0.069953,0.674888,0.103651,0.5699,0.3493,-0.1342,0.3116,1.0,1.0,0.341,bed
laptop,bed,0.2262,0.031964,0.674888,0.047363,0.5918,0.3465,0.0547,0.3034,1.0,1.0,0.5298,bed
bottle,table,0.8836,0.009785,0.296895,0.032958,1.0,-0.1267,-0.1292,0.1273,1.0,1.0,0.4145,table
book,table,0.2475,0.066276,0.296895,0.223232,1.0,0.0206,-0.0517,0.0311,1.0,1.0,0.492,table
bottle,table,0.7868,0.008964,0.259514,0.034542,1.0,-0.1217,-0.1541,0.1302,1.0,1.0,0.3569,table
book,table,0.6115,0.035566,0.259514,0.137047,1.0,-0.0173,-0.0746,0.0395,1.0,1.0,0.4364,table
bottle,table,0.8586,0.011882,0.336341,0.035327,1.0,-0.144,-0.161,0.1482,1.0,1.0,0.4185,table
handbag,table,0.2579,0.042979,0.336341,0.127783,0.7385,0.1406,-0.2416,0.1703,1.0,1.0,0.338,table
bottle,table,0.8756,0.012201,0.320437,0.038077,1.0,-0.1373,-0.165,0.1444,1.0,1.0,0.329,table
book,table,0.758,0.054823,0.320437,0.171088,1.0,-0.0117,-0.0825,0.0417,1.0,1.0,0.4115,table
handbag,table,0.4842,0.051841,0.320437,0.161782,0.7652,0.1328,-0.2276,0.1607,1.0,1.0,0.2664,table
book,table,0.3637,0.009319,0.320437,0.029082,1.0,-0.2294,-0.1879,0.2201,1.0,1.0,0.3062,table
bottle,table,0.88,0.012827,0.330102,0.038858,1.0,-0.1373,-0.167,0.145,1.0,1.0,0.2575,table
handbag,table,0.4288,0.044732,0.330102,0.135508,0.7222,0.1378,-0.2455,0.17,1.0,1.0,0.1789,table
bottle,table,0.8786,0.013482,0.324417,0.041556,0.9758,-0.1362,-0.1799,0.1478,1.0,1.0,0.2326,table
handbag,table,0.3575,0.047623,0.324417,0.146795,0.6772,0.1339,-0.2525,0.17,1.0,1.0,0.16,table
bottle,table,0.9146,0.013419,0.351977,0.038126,1.0,-0.1462,-0.163,0.1504,1.0,1.0,0.2763,table
book,table,0.5165,0.054197,0.351977,0.153979,1.0,-0.0195,-0.0815,0.0434,1.0,1.0,0.3579,table
handbag,table,0.4451,0.041705,0.351977,0.118488,0.811,0.1484,-0.2356,0.1734,1.0,1.0,0.2038,table
baseball glove,table,0.2584,0.041142,0.351977,0.116887,0.8031,0.1473,-0.2376,0.1733,1.0,1.0,0.2018,table
bottle,table,0.8921,0.011163,0.345086,0.032348,0.9829,-0.1283,-0.2078,0.1512,1.0,1.0,0.2773,table
book,table,0.7221,0.042495,0.345086,0.123143,1.0,-0.0151,-0.1054,0.0532,1.0,1.0,0.3797,table
baseball glove,table,0.3992,0.040667,0.345086,0.117845,0.931,0.1579,-0.2207,0.175,1.0,1.0,0.2644,table
handbag,table,0.2964,0.044665,0.345086,0.129432,0.9262,0.1585,-0.2167,0.1742,1.0,1.0,0.2684,table
bottle,table,0.8855,0.01081,0.341522,0.031653,1.0,-0.1323,-0.1988,0.1509,1.0,1.0,0.2783,table
book,table,0.8043,0.040809,0.341522,0.119491,1.0,-0.0173,-0.1004,0.0514,1.0,1.0,0.3767,table
handbag,table,0.3129,0.044936,0.341522,0.131575,0.9098,0.1568,-0.2187,0.1737,1.0,1.0,0.2584,table
bottle,table,0.8781,0.009106,0.312092,0.029178,1.0,-0.1317,-0.173,0.1427,1.0,1.0,0.3221,table
banana,table,0.2662,0.00894,0.312092,0.028644,1.0,0.1925,-0.1322,0.1799,1.0,1.0,0.3628,table
handbag,chair,0.2698,0.081054,0.116178,0.69767,0.5154,-0.0926,-0.0189,0.0813,1.0,1.0,0.6352,chair
handbag,chair,0.2936,0.08789,0.213806,0.411073,0.4895,-0.1239,0.1342,0.1264,0.0,1.0,0.5736,chair
keyboard,table,0.5541,0.134297,0.862415,0.155722,1.0,0.0061,-0.3837,0.1879,1.0,1.0,0.1054,table
laptop,table,0.3391,0.135801,0.862415,0.157466,1.0,0.0089,-0.3827,0.1875,1.0,1.0,0.1064,table
mouse,table,0.3146,0.015177,0.862415,0.017598,1.0,0.3867,-0.4155,0.3938,1.0,1.0,0.0736,table
bottle,table,0.8612,0.017116,0.394046,0.043437,0.9925,-0.1429,-0.1839,0.1537,1.0,1.0,0.1322,table
bottle,table,0.7793,0.016508,0.386982,0.042659,0.9919,-0.1412,-0.1889,0.154,1.0,1.0,0.1252,table
scissors,table,0.7381,0.073931,0.417517,0.177074,1.0,-0.2126,-0.0716,0.1887,1.0,1.0,0.2366,table
bottle,table,0.5729,0.014076,0.417517,0.033714,1.0,-0.1462,-0.2048,0.1622,1.0,1.0,0.1034,table
bottle,table,0.5872,0.013806,0.43182,0.031971,1.0,-0.1691,-0.2008,0.1772,1.0,1.0,0.1034,table
scissors,table,0.3933,0.072192,0.43182,0.16718,1.0,-0.2333,-0.0696,0.2062,1.0,1.0,0.2346,table
cat,bed,0.274,0.036451,0.176641,0.206356,1.0,-0.0234,-0.0915,0.0492,1.0,1.0,0.325,bed
cat,bed,0.331,0.033717,0.328109,0.102762,1.0,0.1055,0.0616,0.0968,1.0,1.0,0.5378,bed
cat,bed,0.2019,0.023307,0.111549,0.208935,0.9901,-0.0268,0.0199,0.0253,1.0,1.0,0.4175,bed
bird,bed,0.294,0.067364,0.323672,0.208123,1.0,0.0307,-0.0746,0.0453,1.0,1.0,0.5427,bed
teddy bear,bed,0.2,0.012519,0.323672,0.038677,1.0,-0.1825,0.1074,0.1676,1.0,1.0,0.7247,bed
person,chair,0.5982,0.078582,0.120693,0.651089,0.9571,-0.0195,0.0398,0.0259,1.0,1.0,0.5119,chair
person,chair,0.9126,0.164069,0.480386,0.341536,0.962,-0.144,-0.0954,0.134,1.0,1.0,0.4831,chair
person,chair,0.7917,0.083539,0.480386,0.1739,1.0,0.1283,-0.0984,0.1218,1.0,1.0,0.4801,chair
suitcase,chair,0.4422,0.091349,0.480386,0.190158,1.0,0.1708,0.2038,0.1792,1.0,1.0,0.7823,chair
dog,chair,0.2059,0.047554,0.480386,0.098991,0.3897,0.3192,0.3082,0.3166,0.0,1.0,0.8867,chair
person,chair,0.8917,0.161453,0.289282,0.558117,0.9619,-0.0084,-0.0875,0.0434,1.0,1.0,0.504,chair
person,sofa,0.8202,0.190602,0.797248,0.239075,1.0,0.1049,-0.0477,0.0944,1.0,1.0,0.4861,sofa
laptop,sofa,0.5856,0.081526,0.797248,0.10226,1.0,0.1378,0.0696,0.1249,1.0,1.0,0.6034,sofa
person,sofa,0.6308,0.159947,0.82789,0.193198,1.0,0.1016,-0.0507,0.092,1.0,1.0,0.502,sofa
laptop,sofa,0.6287,0.072511,0.82789,0.087586,1.0,0.1406,0.0477,0.1248,1.0,1.0,0.6004,sofa
cup,table,0.669,0.012097,0.280655,0.043103,1.0,-0.1239,-0.161,0.1337,1.0,1.0,0.163,table
cup,table,0.8261,0.012106,0.3488,0.034707,1.0,-0.1267,-0.0954,0.1199,1.0,1.0,0.3201,table
cup,table,0.8165,0.012656,0.360338,0.035123,1.0,-0.1283,-0.0835,0.1191,1.0,1.0,0.336,table
book,table,0.8907,0.051981,0.427491,0.121594,1.0,-0.0435,-0.1054,0.064,1.0,1.0,0.4821,table
book,sofa,0.8907,0.051981,0.114678,0.453274,0.0,0.2863,0.337,0.2992,0.0,0.0,0.4821,__none__
cup,table,0.8689,0.018281,0.427491,0.042763,1.0,0.1406,-0.161,0.1458,1.0,1.0,0.4264,table
cup,sofa,0.8689,0.018281,0.114678,0.159411,0.0,0.4704,0.2813,0.4327,0.0,0.0,0.4264,__none__
bottle,table,0.7767,0.016189,0.427491,0.037869,1.0,-0.1719,-0.1879,0.1758,1.0,1.0,0.3996,table
bottle,sofa,0.7767,0.016189,0.114678,0.141166,0.0703,0.1579,0.2545,0.1857,1.0,0.0,0.3996,__none__
bowl,sofa,0.5435,0.010065,0.114678,0.087764,1.0,0.0893,0.0716,0.0854,1.0,1.0,0.2167,sofa
bowl,table,0.5435,0.010065,0.427491,0.023543,0.2037,-0.2405,-0.3708,0.2774,1.0,0.0,0.2167,__none__
cup,table,0.9083,0.019171,0.393871,0.048672,1.0,0.1401,-0.166,0.1467,1.0,1.0,0.4056,table
cup,sofa,0.9083,0.019171,0.0944,0.203079,0.0,0.4872,0.2793,0.4463,0.0,0.0,0.4056,__none__
bottle,table,0.8998,0.014769,0.393871,0.037496,0.9219,-0.1747,-0.2117,0.1842,1.0,1.0,0.3598,table
bottle,sofa,0.8998,0.014769,0.0944,0.156446,0.0586,0.1724,0.2336,0.1889,1.0,0.0,0.3598,__none__
book,table,0.8524,0.049325,0.393871,0.12523,1.0,-0.0491,-0.1223,0.0736,1.0,1.0,0.4493,table
book,sofa,0.8524,0.049325,0.0944,0.522506,0.0,0.298,0.3231,0.3042,0.0,0.0,0.4493,__none__
bowl,sofa,0.3202,0.009519,0.0944,0.100834,1.0,0.0854,0.0596,0.08,1.0,1.0,0.1859,sofa
bowl,table,0.3202,0.009519,0.393871,0.024167,0.0,-0.2617,-0.3857,0.2962,1.0,0.0,0.1859,__none__
cup,table,0.9309,0.018405,0.380918,0.048318,1.0,0.1406,-0.1571,0.1447,1.0,1.0,0.335,table
book,table,0.8876,0.044732,0.380918,0.117431,1.0,-0.0474,-0.1203,0.072,1.0,1.0,0.3718,table
bottle,table,0.8809,0.013526,0.380918,0.035509,0.9134,-0.1713,-0.2087,0.181,1.0,1.0,0.2833,table
cup,table,0.9027,0.018691,0.390709,0.04784,1.0,0.144,-0.162,0.1485,1.0,1.0,0.326,table
bottle,table,0.8802,0.014755,0.390709,0.037765,0.8797,-0.1708,-0.2167,0.1828,1.0,1.0,0.2714,table
book,table,0.8229,0.046498,0.390709,0.119009,1.0,-0.0474,-0.1223,0.0728,1.0,1.0,0.3658,table
cup,table,0.919,0.018931,0.391601,0.048343,1.0,0.1417,-0.167,0.1482,1.0,1.0,0.328,table
cup,sofa,0.919,0.018931,0.098223,0.192735,0.0,0.5804,0.2048,0.5159,0.0,0.0,0.328,__none__
bottle,table,0.888,0.014025,0.391601,0.035815,0.8992,-0.1741,-0.2137,0.1844,1.0,1.0,0.2813,table
bottle,sofa,0.888,0.014025,0.098223,0.142789,0.0,0.2645,0.1581,0.2433,0.0,0.0,0.2813,__none__
book,table,0.8753,0.046773,0.391601,0.11944,1.0,-0.0485,-0.1252,0.0745,1.0,1.0,0.3698,table
book,sofa,0.8753,0.046773,0.098223,0.47619,0.0,0.3901,0.2465,0.3609,0.0,0.0,0.3698,__none__
cup,table,0.8918,0.01977,0.420202,0.047048,1.0,0.1462,-0.163,0.1504,1.0,1.0,0.3877,table
cup,sofa,0.8918,0.01977,0.118301,0.167114,0.0,0.5982,0.2575,0.5366,0.0,0.0,0.3877,__none__
bottle,table,0.8668,0.014059,0.420202,0.033457,0.9318,-0.1791,-0.2247,0.191,1.0,1.0,0.326,table
bottle,sofa,0.8668,0.014059,0.118301,0.118836,0.0,0.2729,0.1958,0.2565,0.0,0.0,0.326,__none__
book,table,0.7579,0.051548,0.420202,0.122674,1.0,-0.0474,-0.1272,0.0748,1.0,1.0,0.4235,table
book,sofa,0.7579,0.051548,0.118301,0.435733,0.0,0.4046,0.2932,0.3809,0.0,0.0,0.4235,__none__
cup,table,0.9064,0.023608,0.384461,0.061406,1.0,0.2048,-0.1451,0.1922,1.0,1.0,0.3559,table
bottle,table,0.8593,0.014059,0.384461,0.036567,0.8939,-0.1306,-0.2525,0.1681,1.0,1.0,0.2485,table
book,table,0.6069,0.052611,0.384461,0.136843,1.0,-0.0006,-0.1402,0.0686,1.0,1.0,0.3608,table
cup,table,0.8878,0.022905,0.392751,0.058319,1.0,0.2031,-0.1322,0.1886,1.0,1.0,0.3111,table
bottle,table,0.8374,0.01318,0.392751,0.033558,1.0,-0.1317,-0.2286,0.1604,1.0,1.0,0.2147,table
book,table,0.527,0.05035,0.392751,0.128198,1.0,-0.0011,-0.1233,0.0603,1.0,1.0,0.3201,table
bottle,table,0.8944,0.014391,0.376447,0.038229,0.8261,-0.1406,-0.2485,0.1727,1.0,1.0,0.1531,table
cup,table,0.8556,0.022412,0.376447,0.059537,1.0,0.1942,-0.164,0.1874,1.0,1.0,0.2376,table
book,table,0.5815,0.050441,0.376447,0.133992,1.0,-0.01,-0.1421,0.0701,1.0,1.0,0.2594,table
cell phone,table,0.3799,0.010042,0.376447,0.026677,1.0,-0.2031,-0.2445,0.2138,1.0,1.0,0.1571,table
cup,table,0.8798,0.016912,0.373012,0.045339,1.0,0.1384,-0.16,0.1439,1.0,1.0,0.2515,table
bottle,table,0.8637,0.01278,0.373012,0.034263,0.9297,-0.1702,-0.2048,0.1791,1.0,1.0,0.2068,table
book,table,0.8386,0.043986,0.373012,0.117921,1.0,-0.0435,-0.1193,0.0696,1.0,1.0,0.2922,table
cup,table,0.904,0.013064,0.30098,0.043406,1.0,0.1211,-0.163,0.1324,1.0,1.0,0.3062,table
cup,sofa,0.904,0.013064,0.142542,0.091653,0.0,0.5162,0.1412,0.4554,0.0,1.0,0.3062,__none__
bottle,table,0.8577,0.010972,0.30098,0.036455,0.9913,-0.1507,-0.174,0.1566,1.0,1.0,0.2952,table
bottle,sofa,0.8577,0.010972,0.142542,0.076975,0.0,0.2444,0.1302,0.2225,0.0,1.0,0.2952,__none__
book,table,0.8561,0.036451,0.30098,0.121108,1.0,-0.0318,-0.1103,0.0607,1.0,1.0,0.3588,table
book,sofa,0.8561,0.036451,0.142542,0.255721,0.0,0.3633,0.1938,0.3307,0.0,0.0,0.3588,__none__
bowl,sofa,0.2315,0.008077,0.142542,0.056661,1.0,0.1244,0.0239,0.1091,1.0,1.0,0.1889,sofa
bowl,table,0.2315,0.008077,0.30098,0.026834,0.2231,-0.2706,-0.2803,0.273,0.0,1.0,0.1889,__none__
bottle,table,0.8568,0.010531,0.300159,0.035083,0.9646,-0.1479,-0.1799,0.1562,1.0,1.0,0.335,table
bottle,sofa,0.8568,0.010531,0.035044,0.300494,0.0,-0.1484,0.2803,0.1886,1.0,0.0,0.335,__none__
book,table,0.848,0.035705,0.300159,0.118955,1.0,-0.0324,-0.1113,0.0614,1.0,1.0,0.4036,table
book,sofa,0.848,0.035705,0.035044,1.018868,0.0,-0.0329,0.3489,0.1732,1.0,0.0,0.4036,__none__
cup,table,0.8387,0.012581,0.300159,0.041914,1.0,0.1217,-0.1551,0.1304,1.0,1.0,0.3598,table
cup,sofa,0.8387,0.012581,0.035044,0.358997,0.0,0.1211,0.3052,0.1829,1.0,0.0,0.3598,__none__
cup,table,0.9124,0.013326,0.281669,0.047312,1.0,0.1233,-0.1551,0.1316,1.0,1.0,0.3867,table
bottle,table,0.81,0.01059,0.281669,0.037599,0.8739,-0.1462,-0.1889,0.1575,1.0,1.0,0.3529,table
book,table,0.7015,0.034574,0.281669,0.122746,1.0,-0.0312,-0.1143,0.0622,1.0,1.0,0.4274,table
bottle,table,0.8686,0.01113,0.296169,0.037579,0.9386,-0.1473,-0.1829,0.1566,1.0,1.0,0.3141,table
bottle,sofa,0.8686,0.01113,0.061107,0.182135,0.0,-0.2634,0.2604,0.2627,1.0,0.0,0.3141,__none__
cup,table,0.8593,0.01298,0.296169,0.043827,1.0,0.1233,-0.1531,0.1311,1.0,1.0,0.3439,table
cup,sofa,0.8593,0.01298,0.061107,0.212418,0.0,0.0073,0.2903,0.1422,1.0,0.0,0.3439,__none__
book,table,0.8416,0.03259,0.296169,0.110039,1.0,-0.0312,-0.1113,0.0609,1.0,1.0,0.3857,table
book,sofa,0.8416,0.03259,0.061107,0.533333,0.0,-0.1473,0.332,0.2072,1.0,0.0,0.3857,__none__
bowl,sofa,0.2776,0.009996,0.108913,0.091778,1.0,0.0251,0.1193,0.0624,1.0,1.0,0.3608,sofa
cup,table,0.8174,0.010118,0.298244,0.033925,1.0,0.1127,-0.1541,0.1239,1.0,1.0,0.5129,table
bottle,table,0.7279,0.014482,0.298244,0.048559,1.0,-0.1395,-0.0855,0.1286,1.0,1.0,0.5815,table
book,table,0.5816,0.045042,0.298244,0.151025,1.0,-0.0123,-0.0586,0.0306,1.0,1.0,0.6083,table
bottle,table,0.7407,0.011995,0.256541,0.046757,1.0,-0.1244,-0.1113,0.1214,1.0,1.0,0.5268,table
cup,table,0.5476,0.008884,0.256541,0.034631,1.0,0.1161,-0.1262,0.1186,1.0,1.0,0.5119,table
person,bed,0.9249,0.360606,0.584671,0.616769,0.5588,0.3175,-0.1461,0.286,1.0,1.0,0.4881,bed
person,bed,0.9275,0.462713,0.5538,0.835523,0.6128,0.2221,-0.1889,0.2146,1.0,1.0,0.4901,bed
person,bed,0.8989,0.59326,0.520995,1.138706,0.5957,0.0301,-0.1958,0.0994,1.0,1.0,0.5139,bed
person,bed,0.916,0.37942,0.567401,0.668698,0.62,0.0396,-0.1918,0.1001,1.0,1.0,0.497,bed
person,bed,0.8654,0.23465,0.517307,0.453599,0.5239,0.0988,-0.2803,0.162,1.0,1.0,0.4155,bed
person,bed,0.884,0.194904,0.551006,0.353724,0.6048,0.0731,-0.2624,0.1434,1.0,1.0,0.3748,bed
person,bed,0.8596,0.17846,0.422687,0.422205,0.3995,0.01,-0.329,0.1613,1.0,0.0,0.4066,bed
person,bed,0.8747,0.149704,0.471705,0.317368,0.5289,-0.0307,-0.2873,0.1432,1.0,1.0,0.3797,bed
person,bed,0.8636,0.144515,0.4448,0.324898,0.5103,-0.0218,-0.2922,0.1443,1.0,1.0,0.3907,bed
person,bed,0.8658,0.143667,0.491515,0.292294,0.5044,-0.043,-0.3072,0.155,1.0,1.0,0.3648,bed
person,bed,0.8701,0.14581,0.509976,0.285916,0.543,-0.0285,-0.3072,0.1524,1.0,1.0,0.341,bed
person,bed,0.8598,0.141863,0.498613,0.284515,0.5405,-0.0151,-0.3121,0.1534,1.0,1.0,0.331,bed
person,bed,0.843,0.130123,0.51884,0.250797,0.5678,-0.0212,-0.3121,0.1539,1.0,1.0,0.3151,bed
book,bed,0.2045,0.004961,0.51884,0.009562,1.0,-0.1892,-0.1829,0.1877,1.0,1.0,0.4443,bed
person,bed,0.8409,0.120562,0.596972,0.201957,0.6643,-0.0167,-0.3032,0.1491,1.0,1.0,0.2813,bed
backpack,bed,0.2357,0.124636,0.596972,0.208781,0.7268,0.3281,0.1034,0.2906,1.0,1.0,0.6879,bed
teddy bear,bed,0.2282,0.007719,0.596972,0.012931,1.0,0.0709,-0.2256,0.1266,1.0,1.0,0.3588,bed
teddy bear,bed,0.2214,0.013766,0.596972,0.023059,1.0,0.0647,-0.2525,0.1359,1.0,1.0,0.332,bed
person,bed,0.8431,0.090905,0.452717,0.2008,0.6598,-0.0045,-0.2744,0.1344,1.0,1.0,0.2396,bed
person,chair,0.8431,0.090905,0.169607,0.535976,0.0,-0.3058,-0.3569,0.3188,0.0,1.0,0.2396,__none__
person,bed,0.8743,0.098489,0.460063,0.214078,0.5401,-0.0162,-0.3211,0.1578,1.0,1.0,0.2724,bed
person,chair,0.8743,0.098489,0.173504,0.567651,0.0,-0.3125,-0.3539,0.3229,0.0,0.0,0.2724,__none__
person,bed,0.8753,0.109466,0.436266,0.250915,0.4916,-0.0061,-0.3419,0.1675,1.0,0.0,0.2972,bed
person,chair,0.8753,0.109466,0.174154,0.628559,0.0,-0.3248,-0.3698,0.3361,0.0,0.0,0.2972,__none__
backpack,bed,0.2064,0.179392,0.436266,0.411199,0.5027,0.3186,0.0288,0.2782,1.0,1.0,0.668,bed
backpack,chair,0.2064,0.179392,0.174154,1.030081,0.9708,0.0,0.001,0.0005,1.0,1.0,0.668,__none__
person,bed,0.8717,0.107711,0.428909,0.251128,0.4628,-0.0167,-0.3509,0.1724,1.0,0.0,0.2942,bed
person,chair,0.8717,0.107711,0.16978,0.634413,0.0,-0.3214,-0.3688,0.3334,0.0,0.0,0.2942,__none__
person,bed,0.8911,0.107183,0.447332,0.239605,0.5223,-0.014,-0.332,0.163,1.0,1.0,0.2893,bed
person,chair,0.8911,0.107183,0.168232,0.637114,0.0,-0.3198,-0.3569,0.329,0.0,0.0,0.2893,__none__
